tconst	titleType	primaryTitle	originalTitle	isAdult	startYear	endYear	runtimeMinutes	genres
tt0007248	movie	Ramona	Ramona	0	1916	\N	\N	Drama
tt0062158	tvEpisode	The Profile of a Gentleman	The Profile of a Gentleman	0	1967	\N	75	Drama
tt0109027	movie	A De shen ming	A De shen ming	0	1994	\N	92	Drama
tt0145499	short	Such Is Life Behind the Scenes of a Circus	Such Is Life Behind the Scenes of a Circus	0	1920	\N	\N	Animation,Comedy,Documentary
tt0149147	movie	Sticky Wagons	Sticky Wagons	1	1970	\N	86	Adult
tt0161622	video	Gold Diggers	Gold Diggers	1	1997	\N	74	Adult,Drama
tt0198215	tvSeries	Quiz Kids	Quiz Kids	0	1981	\N	\N	Family,Game-Show
tt0199456	movie	Desert Farming	Desert Farming	0	1983	\N	\N	Documentary
tt0219127	short	Les Girls	Les Girls	1	1967	\N	\N	Adult,Short
tt0231212	movie	Backroads	Backroads	0	2000	\N	83	Drama
tt0242723	movie	Nebántsvirág	Nebántsvirág	0	1918	\N	\N	\N
tt0259252	movie	Chintamani	Chintamani	0	1956	\N	158	Drama
tt0302345	short	Black Wagon	Black Wagon	0	1993	\N	38	Short
tt0307847	tvSeries	Brotherhood	Tusenbröder	0	2002	2007	88	Crime,Drama
tt0339845	short	An Unfair Game	An Unfair Game	0	1910	\N	\N	Drama,Short
tt0346491	movie	Alexander	Alexander	0	2004	\N	175	Action,Biography,Drama
tt0350031	video	Randy Financial Advisor	Randy Financial Advisor	1	1998	\N	\N	\N
tt0361864	movie	Madhur Murli	Madhur Murli	0	1933	\N	\N	\N
tt0394052	tvEpisode	I'll Be Judge - I'll Be Jury	I'll Be Judge - I'll Be Jury	0	1963	\N	60	Crime,Drama,Horror
tt0435964	tvEpisode	Mark Cuban	Mark Cuban	0	2004	\N	30	Documentary
tt0445307	videoGame	Daily Sport Football Strip	Daily Sport Football Strip	0	2001	\N	\N	Sport
tt0468121	movie	Soltero	Soltero	0	1984	\N	130	Drama
tt0476355	video	Private XXX 21: Inside Sex, Sex Inside	Private XXX 21: Inside Sex, Sex Inside	1	2005	\N	110	Adult
tt0485030	short	President Roosevelt Addressing Crew of 'Kearsarge'	President Roosevelt Addressing Crew of 'Kearsarge'	0	1903	\N	\N	Documentary,Short
tt0509122	tvEpisode	Episode #1.4888	Episode #1.4888	0	1988	\N	60	Drama,Mystery,Romance
tt0608039	tvEpisode	Conquer Leserest	Conquer Leserest	0	2000	\N	\N	Comedy,Family
tt0622749	tvEpisode	Smilin' Through	Smilin' Through	0	1953	\N	60	Drama
tt0646126	tvEpisode	Sole Sister	Sole Sister	0	1996	\N	44	Drama,Romance
tt0648831	tvEpisode	Episode dated 8 January 2005	Episode dated 8 January 2005	0	2005	\N	\N	Comedy,Family,Music
tt0662022	tvEpisode	Episode #3.20	Episode #3.20	0	1994	\N	\N	Comedy,Game-Show,Music
tt0669968	tvEpisode	Episode dated 20 October 2001	Episode dated 20 October 2001	0	2001	\N	\N	Comedy,Music,Talk-Show
tt0675413	tvEpisode	The Sound of Murder	The Sound of Murder	0	1961	\N	\N	Comedy,Drama,Fantasy
tt0684628	tvEpisode	Reimer Bo møder Ole Bornedal	Reimer Bo møder Ole Bornedal	0	2001	\N	\N	Talk-Show
tt0702652	tvEpisode	The Unborn	The Unborn	0	1965	\N	60	Drama
tt0750840	tvEpisode	Episode dated 3 November 2004	Episode dated 3 November 2004	0	2004	\N	\N	Talk-Show
tt0751118	tvEpisode	Existence	Existence	0	2001	\N	45	Crime,Drama,Mystery
tt0753457	tvEpisode	Quarry	Quarry	0	1977	\N	\N	Crime,Drama
tt0857408	short	A Taste of Nate	A Taste of Nate	0	2006	\N	4	Documentary,Short
tt0864567	tvEpisode	Der Zeuge	Der Zeuge	0	2003	\N	26	Crime,Family
tt0923547	tvEpisode	Style Atlas	Style Atlas	0	2006	\N	\N	Documentary,News
tt0943661	tvEpisode	Episode dated 5 December 2005	Episode dated 5 December 2005	0	2005	\N	\N	Comedy,Talk-Show
tt0986966	tvEpisode	Sairento kurisumasu #1	Sairento kurisumasu #1	0	2006	\N	24	Animation,Comedy,Drama
tt0987349	tvEpisode	Vestido de novia: Rumbo al altar	Vestido de novia: Rumbo al altar	0	2006	\N	\N	Crime,Drama,Thriller
tt0993578	tvEpisode	Episode dated 2 April 2007	Episode dated 2 April 2007	0	2007	\N	\N	News,Talk-Show
tt0996652	short	Sedm konvicek	Sedm konvicek	0	1994	\N	15	Short
tt1006331	tvEpisode	Episode dated 14 January 2007	Episode dated 14 January 2007	0	2007	\N	\N	Reality-TV
tt10115708	tvMiniSeries	L'Agent Jean: comment devenir un agent en 90 secondes	L'Agent Jean: comment devenir un agent en 90 secondes	0	2019	\N	2	Action,Animation,Comedy
tt10125700	tvEpisode	Episode #1.4	Episode #1.4	0	2021	\N	\N	Drama,History
tt10126982	tvEpisode	Episode #1.17	Episode #1.17	0	2019	\N	35	Drama,Romance
tt10224418	tvEpisode	Big Gray Villains	Big Gray Villains	0	2017	\N	\N	\N
tt10228102	tvEpisode	Carlos le pide a Nancy manipular las pruebas	Carlos le pide a Nancy manipular las pruebas	0	2019	\N	44	Drama
tt10301292	tvEpisode	Episode #1.71	Episode #1.71	0	2013	\N	\N	Drama
tt10342826	tvEpisode	Episode #1.350	Episode #1.350	0	2010	\N	\N	Drama
tt1039167	tvSeries	Desperados	Desperados	0	2007	\N	30	Drama,Family
tt10479966	tvEpisode	Episode #1.376	Episode #1.376	0	1990	\N	\N	Drama
tt10483282	tvEpisode	Jiggling, Then, After	Jiggling, Then, After	0	2019	\N	\N	Animation,Comedy,Drama
tt10515310	tvEpisode	Episode #1.1	Episode #1.1	0	2018	\N	\N	Talk-Show
tt10577850	tvSeries	In Rahash Nist	In Rahash Nist	0	2003	2003	\N	Comedy
tt10594578	tvSeries	The Hidden Ones	The Hidden Ones	0	\N	\N	\N	Horror
tt1066834	tvSeries	My Brilliant Brain	My Brilliant Brain	0	2007	\N	60	Documentary
tt1071407	tvEpisode	Episode #1.3022	Episode #1.3022	0	1999	\N	\N	Drama,Romance
tt10758300	tvEpisode	The Democratic Socialists Go Full Open Borders	The Democratic Socialists Go Full Open Borders	0	2019	\N	\N	News
tt10873060	tvEpisode	Episode #1.20	Episode #1.20	0	2018	\N	\N	Drama
tt10940626	tvEpisode	Episode dated 4 August 2010	Episode dated 4 August 2010	0	2010	\N	\N	News
tt1095204	short	White Hole	White Hole	0	1979	\N	6	Short
tt10973000	tvEpisode	Episode #1.3151	Episode #1.3151	0	2012	\N	22	Drama
tt1100625	tvEpisode	Episode #2.8	Episode #2.8	0	\N	\N	\N	Talk-Show
tt11092996	tvEpisode	Episode #1.74	Episode #1.74	0	1996	\N	30	\N
tt11107470	tvEpisode	Harvey Hammers Houston	Harvey Hammers Houston	0	2019	\N	\N	Drama
tt11189102	tvEpisode	Episode dated 23 November 2019	Episode dated 23 November 2019	0	2019	\N	\N	News
tt11255836	tvEpisode	Episode #1.1600	Episode #1.1600	0	\N	\N	\N	Comedy,Drama
tt11276128	tvEpisode	Episode dated 7 November 2019	Episode dated 7 November 2019	0	2019	\N	\N	Talk-Show
tt11282508	tvEpisode	Episode #1.1260	Episode #1.1260	0	\N	\N	\N	Comedy,Drama
tt11302088	tvEpisode	Barcelona	Barcelona	0	2018	\N	\N	Sport
tt11305386	tvEpisode	Super Mario 3D World #01	Super Mario 3D World #01	0	2013	\N	38	Comedy
tt11310688	tvEpisode	T.C. Christensen	T.C. Christensen	0	2019	\N	20	Talk-Show
tt1138602	tvEpisode	Un tantinet jalouse	Un tantinet jalouse	0	1997	\N	\N	Comedy
tt11412612	tvEpisode	Shinobi (Arcade PC)	Shinobi (Arcade PC)	0	2017	\N	12	Comedy,Talk-Show
tt11424766	tvEpisode	Episode #1.3853	Episode #1.3853	0	\N	\N	22	Drama,Romance
tt11496854	tvEpisode	Episode dated 18 June 1990	Episode dated 18 June 1990	0	1990	\N	\N	News
tt11530658	tvSeries	Ce Ma Xiao Xi Feng	Ce Ma Xiao Xi Feng	0	2001	2001	\N	Action
tt1159848	tvEpisode	Episode #1.14	Episode #1.14	0	\N	\N	\N	Comedy,Family
tt11639570	movie	You hun	You hun	0	1924	\N	\N	\N
tt11639640	tvEpisode	Episode #13.87	Episode #13.87	0	2019	\N	\N	News
tt11659788	tvEpisode	Episode #1.195	Episode #1.195	0	\N	\N	\N	Comedy,Drama
tt11677236	tvEpisode	Episode #1.428	Episode #1.428	0	2019	\N	\N	Drama,Family,Romance
tt11707264	video	Dominate Me	Dominate Me	1	2016	\N	11	Adult,Short
tt11739106	tvEpisode	Episode #1.231	Episode #1.231	0	\N	\N	\N	Drama
tt11886366	tvEpisode	Episode #10.5	Episode #10.5	0	2016	\N	\N	News
tt11943710	tvEpisode	Episode #1.206	Episode #1.206	0	\N	\N	\N	Drama
tt11963314	tvEpisode	I Evolved!	I Evolved!	0	2018	\N	14	Comedy,Crime
tt11965442	tvEpisode	Episode #1.958	Episode #1.958	0	\N	\N	\N	Drama
tt12043468	tvEpisode	Kathrine og Svein	Kathrine og Svein	0	2019	\N	71	Reality-TV
tt12081006	tvEpisode	Episode #1.2994	Episode #1.2994	0	\N	\N	22	Drama
tt12178152	movie	Colchicum	Sourenjan	0	2019	\N	87	Drama
tt12191370	tvEpisode	Episode #1.482	Episode #1.482	0	\N	\N	\N	Romance
tt12217444	tvEpisode	Caillou the Knight	Caillou the Knight	0	2019	\N	\N	Animation,Family
tt12265714	tvEpisode	Episode #1.370	Episode #1.370	0	\N	\N	\N	Adventure,Family,Romance
tt1227462	tvEpisode	Episode #2.80	Episode #2.80	0	1966	\N	30	Drama,Romance
tt12310892	tvEpisode	Episode #1.30	Episode #1.30	0	2014	\N	\N	Reality-TV
tt12322016	tvEpisode	Episode #1.185	Episode #1.185	0	\N	\N	\N	Drama,Fantasy,Horror
tt12363638	tvEpisode	Episode #1.6	Episode #1.6	0	1979	\N	\N	\N
tt12371770	tvEpisode	Episode dated 21 May 2020	Episode dated 21 May 2020	0	2020	\N	\N	News,Talk-Show
tt12402576	tvEpisode	Challenges to Disrupting Healthcare Systems in America	Challenges to Disrupting Healthcare Systems in America	0	\N	\N	\N	\N
tt12445592	short	A Mustard Seed	A Mustard Seed	0	2017	\N	\N	Drama,Romance,Short
tt12466812	tvEpisode	Episode #4.10	Episode #4.10	0	2006	\N	\N	Talk-Show
tt12478124	tvEpisode	Episode dated 6 March 1994	Episode dated 6 March 1994	0	1994	\N	\N	Comedy,Game-Show,Music
tt12504094	tvEpisode	The Great Wall	The Great Wall	0	2020	\N	\N	Animation
tt12574400	tvEpisode	The Magical Heart of Kiddyzuzaa Land	The Magical Heart of Kiddyzuzaa Land	0	2019	\N	\N	Animation
tt12590828	tvEpisode	Deborah Kobylt LIVE: Chef Bruno Serato	Deborah Kobylt LIVE: Chef Bruno Serato	0	2020	\N	\N	News,Talk-Show
tt1263355	tvEpisode	Episode dated 29 October 1998	Episode dated 29 October 1998	0	1998	\N	\N	Comedy,Game-Show
tt12673092	tvEpisode	Episode #1.1191	Episode #1.1191	0	\N	\N	\N	Talk-Show
tt12683816	tvEpisode	Highlights of 1979 Series	Highlights of 1979 Series	0	1979	\N	\N	Comedy,Game-Show
tt1268560	tvEpisode	Episode #3.58	Episode #3.58	0	\N	\N	\N	Reality-TV
tt1272507	tvEpisode	64 Days Remaining	64 Days Remaining	0	2008	\N	\N	Drama,War
tt12726622	tvEpisode	Patricia Heaton/John Quinones	Patricia Heaton/John Quinones	0	2020	\N	37	Talk-Show
tt12737406	tvEpisode	Episode #1.370	Episode #1.370	0	\N	\N	\N	Drama
tt12766978	movie	Enterfear	Enterfear	0	2020	\N	61	Comedy,Horror,Sci-Fi
tt12772200	tvEpisode	Episode #1.123	Episode #1.123	0	\N	\N	\N	Drama
tt12836378	movie	The Tinderbox	The Tinderbox	0	2022	\N	91	Documentary
tt12857332	tvEpisode	Episode dated 30 January 1995	Episode dated 30 January 1995	0	1995	\N	\N	Comedy,Music,Talk-Show
tt12860804	tvEpisode	Cutie in red panties rides dildo	Cutie in red panties rides dildo	1	2019	\N	\N	Adult
tt12901746	tvEpisode	Episode #4.234	Episode #4.234	0	\N	\N	\N	Comedy,Reality-TV,Talk-Show
tt12939618	tvEpisode	Episode #1.286	Episode #1.286	0	\N	\N	\N	Romance
tt12952574	tvEpisode	Episode #1.23	Episode #1.23	0	2008	\N	\N	Comedy,Romance
tt13007552	tvEpisode	Episode #7.24	Episode #7.24	0	\N	\N	\N	Talk-Show
tt13053200	tvEpisode	Episode #1.113	Episode #1.113	0	\N	\N	\N	Drama
tt13057676	tvEpisode	Episode #1.60	Episode #1.60	0	1999	\N	\N	Drama
tt13079334	tvEpisode	Bahia	Bahia	0	2016	\N	\N	Documentary
tt13127282	tvEpisode	Episode #1.1566	Episode #1.1566	0	\N	\N	\N	Drama
tt13130856	tvEpisode	Best of	Best of	0	2020	\N	\N	Talk-Show
tt13144006	short	Fruitfly	Fruitfly	0	2020	\N	12	Fantasy,Short
tt1314887	tvEpisode	The Vacation/The Sleep Eater	The Vacation/The Sleep Eater	0	2008	\N	21	Adventure,Animation,Comedy
tt13178744	short	The Chefs	The Chefs	0	2019	\N	7	Comedy,Short
tt13230100	tvEpisode	Death in Hackensack	Death in Hackensack	0	2020	\N	\N	Mystery
tt13250144	tvEpisode	Episode #4.284	Episode #4.284	0	2020	\N	\N	Talk-Show
tt13261506	tvEpisode	Bare Lust	Bare Lust	1	2019	\N	20	Adult
tt13288724	movie	Vipco's Vault of Terror: Volume One	Vipco's Vault of Terror: Volume One	0	2022	\N	\N	Horror
tt13294950	tvEpisode	Episode #5.114	Episode #5.114	0	\N	\N	\N	Talk-Show
tt13388836	tvEpisode	Episode dated 2 November 2020	Episode dated 2 November 2020	0	2020	\N	\N	Talk-Show
tt13439668	tvEpisode	Chapter 18: The Mines of Mandalore	Chapter 18: The Mines of Mandalore	0	2023	\N	42	Action,Adventure,Fantasy
tt13479006	tvEpisode	Episode dated 6 August 2020	Episode dated 6 August 2020	0	2020	\N	\N	News
tt13483886	tvEpisode	Konsum als Lifestyle	Konsum als Lifestyle	0	2020	\N	\N	Talk-Show
tt13552014	tvEpisode	Episode #1.3429	Episode #1.3429	0	\N	\N	\N	News
tt13619716	tvEpisode	Episode #1.117	Episode #1.117	0	\N	\N	\N	Comedy,Talk-Show
tt13666130	tvEpisode	Funeral or a wedding	Funeral or a wedding	0	2019	\N	\N	Action
tt13692270	tvEpisode	Episode #1.281	Episode #1.281	0	\N	\N	\N	Comedy
tt13692860	tvEpisode	Lyra and Her Death	Lyra and Her Death	0	2022	\N	57	Adventure,Drama,Family
tt13770546	tvEpisode	Episode #4.19	Episode #4.19	0	2004	\N	\N	Sport,Talk-Show
tt13791922	tvEpisode	Episode #5.124	Episode #5.124	0	\N	\N	\N	Comedy,Talk-Show
tt13811304	tvEpisode	Episode #1.237	Episode #1.237	0	\N	\N	\N	Talk-Show
tt13838324	tvSeries	The NFL Alumni Wellness Challenge	The NFL Alumni Wellness Challenge	0	\N	\N	\N	Reality-TV
tt13871240	tvEpisode	BBC News Review 2013: The Year in Film	BBC News Review 2013: The Year in Film	0	2013	\N	30	News
tt13922568	tvEpisode	Episode #1.1491	Episode #1.1491	0	\N	\N	\N	Music,Talk-Show
tt1397073	short	Love Above All Things	Love Above All Things	0	2009	\N	15	Drama,Short
tt13976300	tvEpisode	Episode #1.4877	Episode #1.4877	0	\N	\N	60	Talk-Show
tt13980380	tvEpisode	Episode #3.66	Episode #3.66	0	\N	\N	\N	Talk-Show
tt14010930	tvEpisode	Nicht ohne meine Schwester	Nicht ohne meine Schwester	0	2011	\N	\N	Crime
tt14011990	tvEpisode	Episode 187	Episode 187	0	2020	\N	\N	Drama
tt14072124	tvEpisode	Episode dated 17 February 2021	Episode dated 17 February 2021	0	2021	\N	\N	Talk-Show
tt1410504	tvEpisode	Episode #2.2	Episode #2.2	0	2009	\N	\N	Documentary,Reality-TV
tt14356526	tvEpisode	The Giant Gilla Monster	The Giant Gilla Monster	0	2021	\N	\N	Horror
tt1436849	tvEpisode	Antonia está en problemas	Antonia está en problemas	0	2008	\N	44	Drama,Romance
tt1437492	tvEpisode	Episode dated 22 March 1994	Episode dated 22 March 1994	0	1994	\N	\N	Talk-Show
tt14378602	tvSeries	White Night	White Night	0	\N	\N	\N	Drama
tt1462135	tvEpisode	Third Floor Back	Third Floor Back	0	1951	\N	\N	Drama
tt14664458	tvEpisode	Jenni C gets her own chastity belt!	Jenni C gets her own chastity belt!	1	2011	\N	\N	Adult
tt14694130	tvEpisode	Episode dated 3 September 1997	Episode dated 3 September 1997	0	1997	\N	\N	Talk-Show
tt14729916	tvEpisode	2014/15: 1/11/14	2014/15: 1/11/14	0	2014	\N	\N	News,Sport
tt14752678	tvEpisode	Tô no Estilo	Tô no Estilo	0	2017	\N	\N	Comedy,Family
tt1477706	video	Duets	Duets	0	2009	\N	6	Fantasy,Short
tt14810730	tvEpisode	Money and the American Way (a.k.a. NBA SamBoi, Never Broke Again)	Money and the American Way (a.k.a. NBA SamBoi, Never Broke Again)	0	2021	\N	\N	Talk-Show
tt1487746	tvEpisode	Episode dated 1 November 1974	Episode dated 1 November 1974	0	1974	\N	\N	Comedy,Talk-Show
tt1489416	tvEpisode	Episode #4.163	Episode #4.163	0	2005	\N	\N	Comedy,Music,Talk-Show
tt14912224	tvEpisode	Episode #1.1097	Episode #1.1097	0	\N	\N	\N	Comedy
tt14982256	tvEpisode	Episode #1.175	Episode #1.175	0	\N	\N	\N	Drama
tt1502940	short	The Last Town	The Last Town	0	2009	\N	8	Documentary,News,Short
tt15145684	tvEpisode	Ebro: Das grüne Juwel	Ebro: Das grüne Juwel	0	2018	\N	43	Documentary
tt15170708	movie	Northern Home	Northern Home	0	\N	\N	\N	Thriller
tt15214194	tvEpisode	Episode #1.1516	Episode #1.1516	0	\N	\N	\N	Talk-Show
tt15262326	tvEpisode	VOTER REMORSE! Trump CRUSHES Biden In New Presidental Election Poll With More Women & Black Support!	VOTER REMORSE! Trump CRUSHES Biden In New Presidental Election Poll With More Women & Black Support!	0	2021	\N	\N	News,Talk-Show
tt15282628	tvEpisode	Episode #1.439	Episode #1.439	0	2002	\N	\N	Drama
tt1540187	tvEpisode	Episode dated 3 October 2009	Episode dated 3 October 2009	0	2009	\N	\N	Music
tt15432106	tvEpisode	Frankie Laine, Gisele Mackenzie	Frankie Laine, Gisele Mackenzie	0	1965	\N	\N	Talk-Show
tt1548583	short	Jarin: A Fable by Jim, Knute and Red	Jarin: A Fable by Jim, Knute and Red	0	2009	\N	27	Action,Adventure,Comedy
tt15524608	tvEpisode	Episode #1.486	Episode #1.486	0	\N	\N	\N	Drama
tt15590610	tvEpisode	17. november 2011	17. november 2011	0	2011	\N	\N	News
tt15591972	tvEpisode	20. mai 2012	20. mai 2012	0	2012	\N	\N	News,Sport
tt15623584	tvEpisode	20. okt. 2014 kl. 07:45	20. okt. 2014 kl. 07:45	0	2014	\N	\N	News
tt15639456	tvEpisode	23. mars 2018 kl. 06:00	23. mars 2018 kl. 06:00	0	2018	\N	\N	News
tt1564499	tvEpisode	Episode #14.4	Episode #14.4	0	2010	\N	87	Game-Show,Reality-TV,Romance
tt1565738	tvEpisode	Episode #1.24	Episode #1.24	0	1970	\N	60	Comedy,Music
tt15693734	tvEpisode	Episode #1.594	Episode #1.594	0	\N	\N	\N	Drama
tt1570101	movie	Grant Morrison: Talking with Gods	Grant Morrison: Talking with Gods	0	2010	\N	80	Documentary
tt15715386	tvEpisode	Episode #2.6	Episode #2.6	0	2021	\N	23	Comedy
tt15721834	short	Chum	Chum	0	2021	\N	\N	Action,Short
tt1578489	tvEpisode	Episode #1.2	Episode #1.2	0	2007	\N	\N	Drama
tt1582701	tvEpisode	A pasarlo bien	A pasarlo bien	0	2008	\N	\N	Comedy
tt15835062	tvEpisode	Episode #1.117	Episode #1.117	0	\N	\N	\N	Drama
tt15861996	tvEpisode	29. juli - Dagsnytt 18	29. juli - Dagsnytt 18	0	2021	\N	\N	News
tt15875392	tvEpisode	David Howard Thornton is our Special Guest	David Howard Thornton is our Special Guest	0	2021	\N	\N	Talk-Show
tt1591824	tvEpisode	Episode #1.61	Episode #1.61	0	1988	\N	28	Drama,Romance
tt15930138	tvEpisode	10. feb. 2016 kl. 18:50	10. feb. 2016 kl. 18:50	0	2016	\N	\N	News
tt15933788	tvEpisode	19. nov. 2018 kl. 18:50	19. nov. 2018 kl. 18:50	0	2018	\N	\N	News
tt15940176	tvEpisode	Costanera Sur, Las Condes	Costanera Sur, Las Condes	0	2014	\N	\N	\N
tt15960340	tvEpisode	31. juli 2018 kl. 18:50	31. juli 2018 kl. 18:50	0	2018	\N	\N	News
tt16121874	tvEpisode	Episode #1.7951	Episode #1.7951	0	\N	\N	60	Comedy,Game-Show,Talk-Show
tt16165988	tvEpisode	Episode #1.716	Episode #1.716	0	\N	\N	\N	Romance
tt16173848	tvEpisode	Episode #1.5075	Episode #1.5075	0	\N	\N	\N	Drama,Romance
tt16276954	short	Peeping	Peeping	0	2021	\N	4	Short
tt16284906	tvEpisode	Episode #1.1192	Episode #1.1192	0	\N	\N	\N	Animation
tt16285440	tvEpisode	Episode #1.974	Episode #1.974	0	\N	\N	\N	Animation
tt16358770	tvEpisode	Hornbills	Hornbills	0	2018	\N	\N	\N
tt16376748	tvEpisode	Super Nintendo World Is EVERYTHING Galaxy's Edge Should Have Been	Super Nintendo World Is EVERYTHING Galaxy's Edge Should Have Been	0	2020	\N	\N	Comedy
tt16392222	tvEpisode	Ausgabe 76	Ausgabe 76	0	2010	\N	\N	Comedy
tt16440784	tvEpisode	Episode #1.496	Episode #1.496	0	\N	\N	\N	Drama
tt1645322	tvEpisode	Spa Inspired Master Bathroom	Spa Inspired Master Bathroom	0	\N	\N	\N	Documentary
tt16459732	tvEpisode	25. sep. 2020 - Oddasat - nyheter på samisk	25. sep. 2020 - Oddasat - nyheter på samisk	0	2020	\N	\N	News
tt16494266	tvEpisode	Episode #1.1040	Episode #1.1040	0	\N	\N	\N	Animation,Comedy,Family
tt16586772	tvEpisode	Episode #1.396	Episode #1.396	0	\N	\N	\N	Drama
tt16604782	tvEpisode	Top 10 Scenes That Almost Made An Actor Quit	Top 10 Scenes That Almost Made An Actor Quit	0	2019	\N	\N	Talk-Show
tt16611838	tvEpisode	Episode #1.81	Episode #1.81	0	2016	\N	34	Drama,Romance
tt1666033	short	Le viole	Le viole	0	1908	\N	\N	Short
tt17010326	tvEpisode	Episode #1.4867	Episode #1.4867	0	\N	\N	\N	News
tt17052074	tvEpisode	"Cobra Kai 4x6 REACTION!! ""Kicks Get Chicks"""	"Cobra Kai 4x6 REACTION!! ""Kicks Get Chicks"""	0	2022	\N	34	Talk-Show
tt17056264	tvEpisode	Bryan Scores NYC in So-Cal	Bryan Scores NYC in So-Cal	0	2022	\N	\N	Reality-TV
tt1706468	tvEpisode	Préliminaires	Préliminaires	0	2010	\N	60	\N
tt1714202	tvMovie	Mystery Girl	A Crush on You	0	2011	\N	85	Comedy,Romance
tt1714387	tvEpisode	Episode dated 9 March 2010	Episode dated 9 March 2010	0	2010	\N	\N	News
tt17494132	tvEpisode	Mahiro, my first Naked apron!	Mahiro, my first Naked apron!	0	2011	\N	\N	Animation,Comedy,Sci-Fi
tt1758263	tvEpisode	Ludacris	Ludacris	0	2010	\N	\N	Music
tt1767341	short	Le pardessus de l'oncle	Le pardessus de l'oncle	0	1911	\N	\N	Comedy,Short
tt1778174	tvSeries	What Do You Know?	What Do You Know?	0	2010	\N	\N	Game-Show
tt1793368	tvEpisode	Episode dated 2 July 1995	Episode dated 2 July 1995	0	1995	\N	\N	News
tt1795765	tvEpisode	La Petición de Marina	La Petición de Marina	0	2010	\N	44	Drama,Romance
tt18116486	video	2 Pacman Frog 1 Hamster - Warning Live Feeding	2 Pacman Frog 1 Hamster - Warning Live Feeding	0	2021	\N	4	Documentary,Short
tt18281006	tvEpisode	Episode #1.76	Episode #1.76	0	2021	\N	\N	Drama
tt18334444	short	The Obedience Project	The Obedience Project	0	2021	\N	\N	Short,Thriller
tt18377560	tvEpisode	Episode dated 2 March 2022	Episode dated 2 March 2022	0	2022	\N	\N	News,Sport
tt18533198	tvEpisode	Episode #1.12	Episode #1.12	0	\N	\N	\N	Animation,Sport
tt18546754	tvEpisode	This Is What You Came For	This Is What You Came For	0	2022	\N	\N	Comedy,Drama
tt18558484	tvEpisode	Episode #1.132	Episode #1.132	0	\N	\N	\N	Musical
tt1873535	short	Arlington Snow Globe	Arlington Snow Globe	0	2011	\N	3	Fantasy,Short
tt18752638	tvEpisode	Episode #1.599	Episode #1.599	0	\N	\N	\N	Talk-Show
tt1888451	tvEpisode	L'ape regina	L'ape regina	0	2011	\N	\N	Action,Comedy,Family
tt1895695	tvEpisode	Episode dated 1 June 1999	Episode dated 1 June 1999	0	1999	\N	\N	\N
tt19043594	tvEpisode	Episode #1.306	Episode #1.306	0	\N	\N	\N	Comedy
tt1904403	tvEpisode	House Bound Bear/Howie Power	House Bound Bear/Howie Power	0	2010	\N	\N	Adventure,Animation,Family
tt19222574	tvEpisode	You're Hired	You're Hired	0	2022	\N	\N	Comedy,Talk-Show
tt1932814	tvEpisode	The Redneck Yacht Club	The Redneck Yacht Club	0	2011	\N	\N	Adventure,Reality-TV
tt19397976	tvEpisode	Episode #1.487	Episode #1.487	0	2021	\N	\N	Drama
tt1941755	tvEpisode	Episode #7.4	Episode #7.4	0	2011	\N	\N	Biography,Music
tt1955283	tvEpisode	Episode dated 27 October 1999	Episode dated 27 October 1999	0	1999	\N	\N	\N
tt19718284	tvEpisode	Episode #1.8815	Episode #1.8815	0	2022	\N	19	Drama,Romance
tt19725360	tvEpisode	Episode #1.818	Episode #1.818	0	\N	\N	\N	Drama
tt19727678	tvSeries	Ditiyo Jibon	Ditiyo Jibon	0	2003	2003	18	Drama,Family
tt19887262	tvEpisode	Parker Allen Solo	Parker Allen Solo	1	2022	\N	\N	Adult
tt2029745	tvEpisode	Episode dated 4 May 2001	Episode dated 4 May 2001	0	2001	\N	\N	News,Talk-Show
tt2031520	tvEpisode	Episode dated 13 April 2001	Episode dated 13 April 2001	0	2001	\N	\N	News
tt2052198	tvEpisode	Episode #2.5	Episode #2.5	0	2009	\N	\N	Adventure,Comedy,Crime
tt2053141	tvEpisode	Annika Norlin	Annika Norlin	0	2011	\N	58	Talk-Show
tt2064052	tvEpisode	Episode dated 4 October 2011	Episode dated 4 October 2011	0	2011	\N	\N	Comedy,Talk-Show
tt2065118	tvEpisode	Joe McGinniss	Joe McGinniss	0	2011	\N	\N	Talk-Show
tt20723132	tvEpisode	Episode dated 19 June 2022	Episode dated 19 June 2022	0	2022	\N	\N	News,Talk-Show
tt20858754	tvEpisode	Amping up the Steaks	Amping up the Steaks	0	2022	\N	\N	Reality-TV
tt2104571	tvEpisode	Phrong Turn Too	Phrong Turn Too	0	2011	\N	17	Comedy
tt21147586	tvEpisode	Episode dated 25 March 2022	Episode dated 25 March 2022	0	2022	\N	\N	Talk-Show
tt21202194	tvEpisode	Episode #1.244	Episode #1.244	0	2021	\N	\N	Drama
tt21219036	tvEpisode	Episode #1.320	Episode #1.320	0	2021	\N	\N	Drama
tt21226872	tvEpisode	Super Heroes	Super Heroes	0	2019	\N	\N	Biography,Comedy
tt21251918	tvEpisode	Pause vom Leben - Fortschritte der Kältebiologie	Pause vom Leben - Fortschritte der Kältebiologie	0	1983	\N	\N	Documentary
tt21264220	movie	Reese Enterprises	Reese Enterprises	0	\N	\N	100	Biography,Drama
tt2131100	tvEpisode	Dronino, Russia	Dronino, Russia	0	2011	\N	44	Adventure,Reality-TV
tt21327864	tvEpisode	Episode #1.8	Episode #1.8	0	2016	\N	\N	Talk-Show
tt2135823	tvEpisode	Episode #7.3	Episode #7.3	0	2009	\N	\N	Music
tt21424440	tvEpisode	Episode dated 21 June 2022	Episode dated 21 June 2022	0	2022	\N	\N	Talk-Show
tt21447148	short	Empty Pages	Empty Pages	0	2022	\N	44	Drama,Short
tt2148829	tvMovie	Alexandre Le Grand le macédonien	Alexandre Le Grand le macédonien	0	2011	\N	52	Documentary
tt2153370	short	Tape Me: Reel 2	Tape Me : Reel 2	0	2012	\N	14	Horror,Short,Thriller
tt2160751	tvEpisode	Forchbahn Frieda & Dampflokführer Philipp	Forchbahn Frieda & Dampflokführer Philipp	0	2007	\N	\N	Documentary
tt21622358	tvEpisode	Episode dated 10 August 2022	Episode dated 10 August 2022	0	2022	\N	\N	News
tt2179112	short	Break a Leg	Break a Leg	0	2012	\N	15	Comedy,Short
tt21829442	tvEpisode	Episode #1.314	Episode #1.314	0	2022	\N	\N	Drama,Romance
tt21952984	tvEpisode	Episode dated 3 October 2022	Episode dated 3 October 2022	0	2022	\N	\N	News,Sport
tt21978424	tvEpisode	Baal Baal Bache!	Baal Baal Bache!	0	\N	\N	\N	Action,Animation,Comedy
tt2200963	short	A Silent Love Story	A Silent Love Story	0	2011	\N	6	Romance,Short
tt22019742	short	P	P	0	2007	\N	6	Short
tt22060968	tvEpisode	Hand-Fed Bananas	Hand-Fed Bananas	0	2022	\N	\N	Reality-TV
tt22098816	tvEpisode	Kiss the Cook	Kiss the Cook	0	2022	\N	\N	Family,Game-Show
tt2268876	tvEpisode	Episode dated 26 July 2012	Episode dated 26 July 2012	0	2012	\N	\N	News,Talk-Show
tt2271357	short	Have a Nice Weekend	Have a nice weekend	0	2009	\N	3	Short
tt22817746	short	Finding Mothers	Finding Mothers	0	2022	\N	17	Short
tt22868120	short	Rock, Paper, Milkshake	Rock, Paper, Milkshake	0	\N	\N	\N	Comedy,Short
tt22890266	tvEpisode	Dionne Warwick	Dionne Warwick	0	2022	\N	\N	Talk-Show
tt23036100	tvEpisode	To Wong Poon	To Wong Poon	0	2020	\N	\N	Comedy
tt2312051	tvEpisode	Hard Hats and Hard Heads	Hard Hats and Hard Heads	0	2012	\N	44	Reality-TV
tt23634146	tvEpisode	Episode #1.96	Episode #1.96	0	2021	\N	\N	Romance
tt23775526	tvEpisode	Episode #1.579	Episode #1.579	0	\N	\N	\N	Family,Musical
tt23779078	tvEpisode	Episode dated 25 October 2022	Episode dated 25 October 2022	0	2022	\N	\N	News,Talk-Show
tt23782884	tvEpisode	Episode #6.5	Episode #6.5	0	1985	\N	\N	Music
tt2382423	tvEpisode	Episode dated 11 May 2012	Episode dated 11 May 2012	0	2012	\N	\N	News
tt2384092	video	Týr Flames of the free music video	Týr Flames of the free music video	0	2011	\N	\N	Short
tt23862008	short	Sally's Secret	Sally's Secret	0	\N	\N	7	Horror,Short
tt23928930	tvEpisode	Episode #1.739	Episode #1.739	0	2022	\N	\N	Romance
tt23985070	tvEpisode	Episode 2	Episode 2	0	2022	\N	\N	Drama
tt24074642	tvEpisode	Episode #2.4	Episode #2.4	0	1999	\N	20	Crime,Reality-TV
tt2441452	tvEpisode	Armed and Ridiculous	Armed and Ridiculous	0	2011	\N	\N	Comedy,News,Talk-Show
tt25051744	tvSpecial	The Big Quiz: Coronation Street v Emmerdale	The Big Quiz: Coronation Street v Emmerdale	0	2022	\N	47	Game-Show
tt25503358	tvMovie	Karamazov vid Kalixälven	Karamazov vid Kalixälven	0	1999	\N	44	Documentary
tt26228706	short	Cessation	Cessation	0	\N	\N	\N	Horror,Short
tt26541647	video	Little Girls Love Big Dicks 9	Little Girls Love Big Dicks 9	1	2022	\N	159	Adult
tt26693296	short	Copepods	Copepods	0	\N	\N	\N	Comedy,Short
tt26764952	tvEpisode	Episode #1.14	Episode #1.14	0	2023	\N	\N	Adventure,Drama,Fantasy
tt26774989	tvEpisode	Episode #2.15	Episode #2.15	0	2022	\N	\N	Talk-Show
tt26898958	tvEpisode	52 seriya	52 seriya	0	2020	\N	\N	Crime
tt26932855	tvEpisode	Episode #1.697	Episode #1.697	0	2023	\N	\N	Drama
tt2707566	movie	ROVER: Or Beyond Human - The Venusian Future and the Return of the Next Level	ROVER: Or Beyond Human - The Venusian Future and the Return of the Next Level	0	2013	\N	92	Comedy,Sci-Fi
tt27218628	tvEpisode	Episode #1.300	Episode #1.300	0	\N	\N	\N	Talk-Show
tt2735216	short	All Peoples: The Movie	All Peoples: The Movie	0	2012	\N	7	Short
tt27389322	tvEpisode	Demain, la vie sans eau?	Demain, la vie sans eau?	0	2017	\N	\N	Documentary,News
tt27405612	tvEpisode	Episode dated 15 January 1968	Episode dated 15 January 1968	0	1968	\N	\N	News,Talk-Show
tt27443155	tvEpisode	Episode #1.4	Episode #1.4	0	\N	\N	\N	Drama
tt27564229	tvEpisode	Roots & Revelations	Roots & Revelations	0	2023	\N	\N	Documentary
tt27629268	tvEpisode	The Raging Feelings! Minami's Real Feelings!	The Raging Feelings! Minami's Real Feelings!	0	2015	\N	\N	Action,Adventure,Animation
tt27634993	tvEpisode	Episode #1.593	Episode #1.593	0	2023	\N	\N	Drama
tt2763528	tvEpisode	Desperate Searches	Desperate Searches	0	2013	\N	\N	Talk-Show
tt27671254	tvEpisode	Mycka	Mycka	0	2023	\N	\N	Comedy
tt27673978	tvEpisode	Tödlicher Fehler	Tödlicher Fehler	0	2023	\N	\N	Crime,Thriller
tt27786697	short	You Deserve to Die	You Deserve to Die	0	2023	\N	\N	Drama,Short
tt27812842	tvEpisode	Episode #4.36	Episode #4.36	0	2004	\N	\N	Action,Adventure,Family
tt27828251	tvEpisode	Episode #1.158	Episode #1.158	0	2023	\N	\N	Drama
tt27833734	tvEpisode	Episode #1.392	Episode #1.392	0	1953	\N	15	Drama,Romance
tt27876424	movie	Mall Santa	Mall Santa	0	\N	\N	\N	Comedy
tt27910239	tvEpisode	Aftertalk Outtakes	Aftertalk Outtakes	0	2023	\N	\N	Adventure
tt28132050	tvEpisode	Vastuun opettelua	Vastuun opettelua	0	2023	\N	\N	Reality-TV
tt28136067	tvEpisode	2 January, 2013, 10PM	2 January, 2013, 10PM	0	2013	\N	\N	Talk-Show
tt28241479	tvEpisode	The Homeplace	The Homeplace	0	2022	\N	\N	Reality-TV
tt2829484	tvEpisode	Episode dated 9 April 2013	Episode dated 9 April 2013	0	2013	\N	\N	Comedy,Talk-Show
tt2831770	tvEpisode	Episode #1.47	Episode #1.47	0	1973	\N	\N	Drama
tt2835140	tvEpisode	Episode #2.2	Episode #2.2	0	1992	\N	\N	Drama
tt3066892	tvEpisode	The Real Jamaican Girls Get Into a Fight	The Real Jamaican Girls Get Into a Fight	0	2012	\N	\N	Comedy,Drama
tt3203386	tvEpisode	Courtney Loves Her New Life	Courtney Loves Her New Life	0	2013	\N	22	Reality-TV
tt3217960	tvEpisode	Episode #15.44	Episode #15.44	0	2013	\N	\N	Comedy,Family
tt3231546	short	Thirsty for Justice	Thirsty for Justice	0	\N	\N	38	Documentary,News,Short
tt3265376	tvEpisode	"Julie Andrews Is Chatting with Rachael and ""Saturday Night Live's"" Kenan Thompson Is in the House!"	"Julie Andrews Is Chatting with Rachael and ""Saturday Night Live's"" Kenan Thompson Is in the House!"	0	2013	\N	\N	News,Talk-Show
tt3293224	tvEpisode	The Banker	The Banker	0	2012	\N	\N	Comedy
tt3350994	movie	Expectance Girls	Dokhtaran-e Entezar	0	1999	\N	97	Drama
tt3418412	tvEpisode	Mary Lynn Rajskub/Dennis Christopher/Barbara Steele/Gary Daniels	Mary Lynn Rajskub/Dennis Christopher/Barbara Steele/Gary Daniels	0	2014	\N	\N	Documentary
tt3546296	tvEpisode	Fike fik	Fike fik	0	2013	\N	\N	Comedy
tt3558080	tvEpisode	Episode dated 18 April 2006	Episode dated 18 April 2006	0	2006	\N	\N	News
tt3568054	tvEpisode	Poetry Is Not Just Rhyming	Poetry Is Not Just Rhyming	0	2014	\N	\N	Family
tt3571594	tvEpisode	Joueur contre joueur	Joueur contre joueur	0	2009	\N	8	Comedy,Fantasy
tt3602096	tvEpisode	Episode #1.3	Episode #1.3	0	2013	\N	\N	Talk-Show
tt3709892	tvEpisode	Episode #1.4	Episode #1.4	0	2013	\N	\N	Comedy
tt3729834	tvEpisode	Episode dated 3 October 1990	Episode dated 3 October 1990	0	1990	\N	\N	Documentary
tt3745842	movie	Madhu Ki Baatein	Madhu Ki Baatein	0	2000	\N	\N	Thriller
tt3781708	tvSeries	Rozprávky pätnástich sestier	Rozprávky pätnástich sestier	0	1984	\N	\N	Family
tt3793728	tvEpisode	Care vs. The Text	Care vs. The Text	0	2015	\N	\N	Comedy
tt3798836	tvEpisode	Not the Foggiest	Not the Foggiest	0	2014	\N	21	Reality-TV
tt3827138	short	Jehovah's Witnesses: Faith in Action, Part 2 - Let the Light Shine	Jehovah's Witnesses: Faith in Action, Part 2 - Let the Light Shine	0	2011	\N	43	Documentary,Short
tt3837386	tvEpisode	Episode #1.25	Episode #1.25	0	\N	\N	\N	Romance
tt3999566	tvEpisode	Episode #1.77	Episode #1.77	0	1983	\N	15	Drama
tt4015330	tvEpisode	All Across America	All Across America	0	1998	\N	\N	Documentary,History
tt4029394	tvEpisode	No Remorse	No Remorse	0	2014	\N	44	Crime,Documentary
tt4045568	short	Thanksgiving	Thanksgiving	0	2014	\N	7	Short,Thriller
tt4142826	video	Inspiring Filmmakers: Jon Cassar	Inspiring Filmmakers: Jon Cassar	0	2014	\N	\N	Documentary,Short
tt4185924	short	Preserving Grace	Preserving Grace	0	2014	\N	8	Animation,Fantasy,Short
tt4200342	tvEpisode	Sons of Beaches	Sons of Beaches	0	2014	\N	22	Reality-TV
tt4217026	short	Growing Up Gotti: 10 Years Later	Growing Up Gotti: 10 Years Later	0	2014	\N	43	Short
tt4293498	tvEpisode	Cambio de actitud	Cambio de actitud	0	1998	\N	42	Drama,Romance
tt4310238	short	Abraham's Conflict	Abraham's Conflict	0	\N	\N	\N	Drama,Short
tt4405860	movie	Dead 7	Dead 7	0	2016	\N	89	Comedy,Horror,Western
tt4426556	tvEpisode	Episode #1.190	Episode #1.190	0	2014	\N	\N	Drama,War
tt4547576	short	Sleep Study	Sleep Study	0	2015	\N	17	Drama,Sci-Fi,Short
tt4572950	short	The Watcher	The Watcher	0	2014	\N	6	Action,Mystery,Short
tt4588424	tvEpisode	Episode #10.31	Episode #10.31	0	\N	\N	\N	Talk-Show
tt4681828	tvEpisode	They Actually Call Me the Clone Ranger	They Actually Call Me the Clone Ranger	0	2013	\N	\N	Comedy
tt4829564	tvEpisode	Predator MKX Stoked!	Predator MKX Stoked!	0	2015	\N	\N	Talk-Show
tt4850014	tvEpisode	Episode #4.23	Episode #4.23	0	1991	\N	\N	Family
tt4866458	tvSeries	DWDD University	DWDD University	0	2015	\N	\N	Talk-Show
tt4934202	tvEpisode	Finn P.I. And Associates	Finn P.I. And Associates	0	1999	\N	\N	Comedy,Family,Fantasy
tt4956346	tvEpisode	Episode #1.1	Episode #1.1	0	2015	\N	44	Comedy,Romance
tt5029896	tvEpisode	Episode dated 24 September 2015	Episode dated 24 September 2015	0	2015	\N	\N	Talk-Show
tt5112372	short	A Complex Cup	A Complex Cup	0	2015	\N	9	Documentary,News,Short
tt5133370	tvEpisode	No Bones About It/An Ill Wind/Beach Bully	No Bones About It/An Ill Wind/Beach Bully	0	1975	\N	8	Adventure,Animation,Comedy
tt5158922	tvEpisode	The Reunion	The Reunion	0	2015	\N	41	Reality-TV
tt5192556	tvEpisode	Smugglers' Notch	Smugglers' Notch	0	2015	\N	\N	Sport
tt5217836	tvEpisode	Sister, If Only You Knew	Sister, If Only You Knew	0	1970	\N	\N	Family
tt5306938	movie	Goliath	Goliath	0	2019	\N	90	Drama,Mystery
tt5329482	tvEpisode	Grinder v Grinder	Grinder v Grinder	0	2016	\N	21	Comedy
tt5392882	tvEpisode	Episode #1.5907	Episode #1.5907	0	\N	\N	\N	News
tt5427824	tvEpisode	Episode #1.2004	Episode #1.2004	0	1973	\N	30	Drama
tt5443944	tvEpisode	Mercedes, La Vírgen	Mercedes, La Vírgen	0	2007	\N	\N	Crime,Drama
tt5449824	tvEpisode	Splish-Splash and Dash	Splish-Splash and Dash	0	2016	\N	23	Game-Show,Reality-TV
tt5475014	short	Delayed	Delayed	0	2017	\N	10	Comedy,Drama,Romance
tt5508070	video	Zombie Town Hall: Knights of the Living Dead Q&A Session	Zombie Town Hall: Knights of the Living Dead Q&A Session	0	2013	\N	66	Documentary
tt5627960	tvSeries	Amar Prem	Amar Prem	0	1996	1997	\N	Drama
tt5634642	tvSeries	Ask FM s Valdou	Ask FM s Valdou	0	2013	\N	5	Comedy
tt5686962	tvEpisode	La polvere sotto al tappeto...	La polvere sotto al tappeto...	0	2013	\N	\N	Documentary
tt5716100	tvMiniSeries	The Charlie and Jonny Show	The Charlie and Jonny Show	0	\N	\N	\N	Comedy
tt5734224	tvEpisode	Pilot	Pilot	0	2013	\N	10	Comedy
tt5737238	tvEpisode	Africa: The Grand Safari	Africa: The Grand Safari	0	1997	\N	\N	Documentary
tt5827998	tvEpisode	Allergy Kids	Allergy Kids	0	2016	\N	\N	Documentary,News
tt5828522	tvEpisode	Unheilbar pädophil?	Unheilbar pädophil?	0	2015	\N	\N	Documentary
tt5891458	short	The Devil's Conductor	The Devil's Conductor	0	2016	\N	7	Horror,Short
tt5899264	tvEpisode	Episode #1.2918	Episode #1.2918	0	1977	\N	\N	Drama,Romance
tt5918412	tvEpisode	Peeping Tom Neighbor	Peeping Tom Neighbor	1	2016	\N	24	Adult
tt5920984	short	On Y tu mamá también	On Y tu mamá también	0	2014	\N	41	Documentary,Short
tt5942636	tvEpisode	Episode #17.13	Episode #17.13	0	2016	\N	\N	Game-Show,Reality-TV
tt6007846	tvEpisode	Episode #1.50	Episode #1.50	0	2011	\N	\N	Drama,Romance
tt6043380	short	Sorry, Thank You	Sorry, Thank You	0	2017	\N	\N	Drama,Family,Short
tt6048942	tvEpisode	Secret investigation	Secret investigation	0	2010	\N	\N	Comedy
tt6086312	tvEpisode	Família Schurmann - Expedição Oriente XI	Família Schurmann - Expedição Oriente XI	0	2015	\N	\N	Crime,Music,News
tt6125718	tvEpisode	Episode #3.3	Episode #3.3	0	2016	\N	\N	Documentary,Sport
tt6192312	tvEpisode	Episode #1.635	Episode #1.635	0	1980	\N	\N	Drama
tt6235888	tvEpisode	Episode #1.71	Episode #1.71	0	1962	\N	\N	Talk-Show
tt6353020	tvMovie	Delo v shlyape	Delo v shlyape	0	2002	\N	\N	Crime,Thriller
tt6384362	tvEpisode	Episode 2	Episode 2	0	2012	\N	60	Documentary,History
tt6475910	tvEpisode	Cheers, Bitch	Cheers, Bitch	0	2018	\N	\N	Drama,Fantasy,Mystery
tt6493720	tvEpisode	Episode dated 2 February 2012	Episode dated 2 February 2012	0	2012	\N	\N	News,Talk-Show
tt6515770	tvEpisode	I Should Be So Lucky	I Should Be So Lucky	0	2017	\N	\N	Drama
tt6526710	tvEpisode	Episode #1.18	Episode #1.18	0	1971	\N	\N	Comedy
tt6529584	short	His Wife Jimmy	His Wife Jimmy	0	1920	\N	\N	Comedy,Short
tt6662134	tvEpisode	Episode #1.33	Episode #1.33	0	2001	\N	\N	Comedy,Romance
tt6673966	tvEpisode	Episode #1.36	Episode #1.36	0	2008	\N	\N	Crime
tt6698806	tvEpisode	Episode #1.78	Episode #1.78	0	2004	\N	\N	Comedy
tt6702814	tvEpisode	Happy End für Till und Heidi?	Happy End für Till und Heidi?	0	2010	\N	\N	Drama,Romance
tt6739680	videoGame	Instant Jam Facebook	Instant Jam Facebook	0	2010	\N	\N	Musical
tt6799078	tvEpisode	UFC 211: Episodes 1 - 6	UFC 211: Episodes 1 - 6	0	2017	\N	\N	Sport
tt6809146	tvEpisode	Level Up og LOLbuas julekalender: Luke 6	Level Up og LOLbuas julekalender: Luke 6	0	2016	\N	\N	Comedy,News
tt6820228	tvEpisode	Episode #1.930	Episode #1.930	0	1990	\N	\N	Drama,Romance
tt6839370	movie	Little Drops of Happy	Little Drops of Happy	0	2017	\N	\N	Drama
tt6840944	tvEpisode	Episode dated 26 March 1960	Episode dated 26 March 1960	0	1960	\N	\N	Game-Show
tt6860932	tvEpisode	Episode #2.7	Episode #2.7	0	2016	\N	\N	Comedy,Drama,Romance
tt7023896	tvEpisode	Feminism, Sanders, Michigan Poisoning and More	Feminism, Sanders, Michigan Poisoning and More	0	\N	\N	\N	Comedy
tt7061040	tvSeries	Espions Parmi Nous	Espions Parmi Nous	0	2017	\N	\N	Reality-TV
tt7099044	tvEpisode	Hard Evidence	Hard Evidence	0	1992	\N	\N	Crime,Documentary
tt7122998	short	Your Choice	Your Choice	0	2015	\N	5	Drama,Short
tt7140742	movie	Volando Alto	Volando Alto	0	\N	\N	\N	Biography,Documentary,Sport
tt7175400	tvEpisode	Episode #1.5	Episode #1.5	0	2017	\N	29	Romance
tt7271558	tvEpisode	Hot Commodity	Hot Commodity	0	2017	\N	41	Reality-TV
tt7284852	tvEpisode	Episode #1.6682	Episode #1.6682	0	2023	\N	\N	Crime,Drama,Romance
tt7285788	tvEpisode	Shopping on Hollywood Blvd	Shopping on Hollywood Blvd	0	2017	\N	\N	Reality-TV
tt7309086	tvEpisode	Episode #3.215	Episode #3.215	0	1981	\N	\N	Family,Game-Show
tt7371256	short	Alfred and His Bridges	Alfred and His Bridges	0	2012	\N	\N	Comedy,Short
tt7389860	movie	God's Tenants	God's Tenants	0	2017	\N	79	Documentary,Drama
tt7461776	tvEpisode	Episode #1.16	Episode #1.16	0	2017	\N	28	Comedy,Romance
tt7490342	tvSeries	Welcome to the Family	Benvinguts a la família	0	2018	2019	\N	Comedy
tt7492672	tvEpisode	September 13	September 13	0	2017	\N	\N	Adventure,Documentary,Mystery
tt7495086	tvEpisode	Farali week special	Farali week special	0	\N	\N	\N	Family
tt7514586	tvEpisode	Libido-sapiens	Libido-sapiens	0	2012	\N	\N	Animation
tt7545298	tvEpisode	Illegal Shower Surveillance?	Illegal Shower Surveillance?	0	2015	\N	\N	Reality-TV
tt7571890	tvEpisode	Buntis si Rosette	Buntis si Rosette	0	2017	\N	\N	Crime,Drama,Mystery
tt7576914	tvEpisode	Episode #1.114	Episode #1.114	0	1993	\N	\N	Drama,Romance
tt7654992	tvEpisode	4. Del.	4. Del.	0	1998	\N	17	Family
tt7671234	short	Good-bye Adam	Good-bye Adam	0	2016	\N	14	Drama,Short
tt7678398	tvEpisode	Victoire et Victoria	Victoire et Victoria	0	2008	\N	\N	Comedy,Drama,Family
tt7679792	tvEpisode	Not Hell Nor High Water	Not Hell Nor High Water	0	2017	\N	42	Reality-TV
tt7775744	tvEpisode	María Gracia Subercaseaux	María Gracia Subercaseaux	0	2017	\N	\N	Talk-Show
tt8007432	tvEpisode	Episode #1.74	Episode #1.74	0	1991	\N	\N	Drama,Romance
tt8014076	tvEpisode	Is the Man I Love Still Sleeping with My Sister?	Is the Man I Love Still Sleeping with My Sister?	0	2018	\N	\N	Comedy,Drama,Talk-Show
tt8039866	tvEpisode	Episode #1.56	Episode #1.56	0	1992	\N	60	Drama,Romance
tt8066328	tvEpisode	Episode #1.4	Episode #1.4	0	1968	\N	\N	Talk-Show
tt8181906	tvEpisode	Episode #1.90	Episode #1.90	0	2006	\N	\N	Drama,Romance
tt8195562	tvEpisode	Episode #1.15	Episode #1.15	0	1987	\N	22	Romance
tt8223944	tvEpisode	Episode dated 1 April 2018	Episode dated 1 April 2018	0	2018	\N	\N	Game-Show
tt8237938	tvEpisode	Slingers & Swingers (Keep Your Distance)	Slingers & Swingers (Keep Your Distance)	0	\N	\N	\N	Action
tt8240958	tvEpisode	VOBS EP 90 August 28, 2017: Fan RoundTable	VOBS EP 90 August 28, 2017: Fan RoundTable	0	2017	\N	\N	Talk-Show
tt8312292	tvEpisode	Episode #29.18	Episode #29.18	0	2018	\N	\N	Drama
tt8509340	tvEpisode	The Nure-Onna Bath Caretaker and Her Shiranui Teacher.	The Nure-Onna Bath Caretaker and Her Shiranui Teacher.	0	2018	\N	24	Animation,Fantasy,Romance
tt8515244	tvEpisode	Fantastic Beasts and Where to Find Them	Fantastic Beasts and Where to Find Them	0	2016	\N	\N	Talk-Show
tt8571950	tvEpisode	Episode #28.21	Episode #28.21	0	1996	\N	\N	Documentary
tt8623640	tvEpisode	Jimao xin	Jimao xin	0	2011	\N	\N	Animation
tt8634548	video	FFF - Bande Annonce 2018	FFF - Bande Annonce 2018	0	2018	\N	\N	Short
tt8684328	tvEpisode	Episode #1.17	Episode #1.17	0	1968	\N	\N	\N
tt8757962	tvEpisode	Chocolate Porridge and Super Greens Cannelloni	Chocolate Porridge and Super Greens Cannelloni	0	2016	\N	23	Documentary
tt8823662	tvSeries	Kevin Parry	Kevin Parry	0	2012	\N	\N	Comedy
tt8879296	tvEpisode	Uusi Virga	Uusi Virga	0	1990	\N	8	Family,Fantasy
tt8903048	tvEpisode	Episode dated 19 September 1996	Episode dated 19 September 1996	0	1996	\N	\N	Comedy,Music,Talk-Show
tt9018076	tvEpisode	Don't Trust Them	Don't Trust Them	0	2018	\N	91	Comedy,Game-Show,Reality-TV
tt9030016	movie	Laila Majnu	Laila Majnu	0	1949	\N	169	Drama
tt9030462	tvEpisode	Time Slips	Time Slips	0	2019	\N	22	Comedy,Family
tt9054910	tvEpisode	Episode #1.171	Episode #1.171	0	1965	\N	\N	Talk-Show
tt9185484	tvEpisode	Episode #1.7	Episode #1.7	0	1971	\N	\N	Comedy
tt9193456	short	Tornio Valley: The Way of the Four Winds	Tornionlaakso - neljän tuulen tie	0	1961	\N	13	Documentary,Short
tt9313838	tvEpisode	Thomas Bodström	Thomas Bodström	0	2018	\N	57	History,Talk-Show
tt9352344	tvEpisode	The Engagement	The Engagement	0	2019	\N	\N	Drama
tt9466194	tvEpisode	Mary Poppins Returns	Mary Poppins Returns	0	2018	\N	41	Comedy,Talk-Show
tt9512682	movie	In the Rough	In the Rough	0	\N	\N	\N	Comedy,Drama
tt9571662	tvEpisode	Episode #1.87	Episode #1.87	0	2017	\N	\N	History
tt9573574	tvEpisode	Spirit	Spirit	0	2018	\N	\N	Adventure,Documentary
tt9593396	tvEpisode	Episode #1.163	Episode #1.163	0	2008	\N	\N	Drama
tt9630610	tvEpisode	Sasuke Choke Edits	Sasuke Choke Edits	0	2019	\N	\N	Talk-Show
tt9684670	tvEpisode	Episode #2.1	Episode #2.1	0	2019	\N	\N	Talk-Show
tt9692702	tvEpisode	Episode dated 15 April 2017	Episode dated 15 April 2017	0	2017	\N	\N	Talk-Show
tt9715076	tvEpisode	Episode #1.17	Episode #1.17	0	2002	\N	\N	Drama
tt9861520	tvEpisode	No Borders	No Borders	0	2019	\N	42	Crime,Documentary
tt9866892	tvEpisode	Pepernoot-toetje	Pepernoot-toetje	0	2018	\N	\N	Talk-Show
tt9873436	tvEpisode	Episode #1.103	Episode #1.103	0	2013	\N	\N	Drama
tt9901722	tvEpisode	Episode #1.243	Episode #1.243	0	2018	\N	\N	Comedy
